snapshot_date,path,title,count,uniques
2026-10-08,/slantis/magic-tools,Overview,2,2
2026-10-08,/slantis/magic-tools/releases/tag/v0.0.1,/releases/tag/v0.0.1,2,1
2026-10-08,/slantis/magic-tools/tree/main,/tree/main,2,1
2026-10-08,/slantis/magic-tools/tree/main/Magic-tools.tab/Selection.panel,/tree/main/Magic-tools.tab/Selection.panel,2,1
2026-10-08,/slantis/magic-tools/issues,/issues,1,1
2026-10-08,/slantis/magic-tools/tree/main/Magic-tools.tab,/tree/main/Magic-tools.tab,1,1
2026-10-09,/slantis/magic-tools,Overview,8,7
2026-10-09,/slantis/magic-tools/issues,/issues,3,2
2026-10-09,/slantis/magic-tools/releases/tag/v0.2.1,/releases/tag/v0.2.1,2,2
2026-10-09,/slantis/magic-tools/releases/tag/v0.0.1,/releases/tag/v0.0.1,2,1
2026-10-09,/slantis/magic-tools/tree/docs/readme-kit,/tree/docs/readme-kit,2,1
2026-10-09,/slantis/magic-tools/tree/main,/tree/main,2,1
2026-10-09,/slantis/magic-tools/tree/main/Magic-tools.tab/Selection.panel,/tree/main/Magic-tools.tab/Selection.panel,2,1
2026-10-09,/slantis/magic-tools/pulls,/pulls,1,1
2026-10-09,/slantis/magic-tools/tree/main/Magic-tools.tab,/tree/main/Magic-tools.tab,1,1
2026-10-10,/slantis/magic-tools,Overview,11,9
2026-10-10,/slantis/magic-tools/issues,/issues,3,2
2026-10-10,/slantis/magic-tools/pulls,/pulls,2,2
2026-10-10,/slantis/magic-tools/releases/tag/v0.2.1,/releases/tag/v0.2.1,2,2
2026-10-10,/slantis/magic-tools/releases/tag/v0.0.1,/releases/tag/v0.0.1,2,1
2026-10-10,/slantis/magic-tools/tree/docs/readme-kit,/tree/docs/readme-kit,2,1
2026-10-10,/slantis/magic-tools/tree/main,/tree/main,2,1
2026-10-10,/slantis/magic-tools/tree/main/Magic-tools.tab/Selection.panel,/tree/main/Magic-tools.tab/Selection.panel,2,1
2026-10-10,/slantis/magic-tools/branches,/branches,1,1
2026-10-10,/slantis/magic-tools/tree/main/Magic-tools.tab,/tree/main/Magic-tools.tab,1,1
