snapshot_date,tag,asset,download_count
2026-09-28,v0.0.1,MagicTools.extension.zip,0
2026-09-29,v0.0.1,MagicTools.extension.zip,0
2026-09-30,v0.0.1,MagicTools.extension.zip,0
2026-10-01,v0.0.1,MagicTools.extension.zip,0
2026-10-02,v0.0.1,MagicTools.extension.zip,0
2026-10-03,v0.0.1,MagicTools.extension.zip,0
2026-10-04,v0.0.1,MagicTools.extension.zip,0
2026-10-05,v0.0.1,MagicTools.extension.zip,0
2026-10-06,v0.0.1,magic-tools.zip,0
2026-10-07,v0.1.0,magic-tools.zip,0
2026-10-07,v0.1.0,release-manifest.json,0
2026-10-07,v0.0.1,magic-tools.zip,2
